{
  "method": "XI",
  "n_repetitions": 30,
  "threshold": 0.2,
  "n_top_features": 16,
  "seed_split": "sequential (rep index)",
  "seed_model": 42,
  "summary_metrics": {
    "r2_train": {
      "mean": 0.8690441355873109,
      "std": 0.0017900940680691886,
      "cv": 0.20598425267082904,
      "min": 0.8659491517417772,
      "max": 0.8725258834880647
    },
    "r2_test": {
      "mean": 0.8388310175196618,
      "std": 0.0070826845979564184,
      "cv": 0.8443517764637744,
      "min": 0.8250501632950278,
      "max": 0.8504148775241757
    },
    "mae_test": {
      "mean": 8.485664076352359,
      "std": 0.1682374160839203,
      "cv": 1.982607543383201,
      "min": 8.223766775299074,
      "max": 8.849710427199486
    },
    "rmse_test": {
      "mean": 13.535264310058567,
      "std": 0.31067167413867514,
      "cv": 2.2952760066000577,
      "min": 12.964997606102203,
      "max": 14.119636378429698
    }
  },
  "jaccard": {
    "mean": 0.9505070993914808,
    "std": 0.05807879973443663
  }
}