{
  "method": "DC",
  "n_repetitions": 30,
  "threshold": 0.2,
  "n_top_features": 16,
  "seed_split": "sequential (rep index)",
  "seed_model": 42,
  "summary_metrics": {
    "r2_train": {
      "mean": 0.9406273256266733,
      "std": 0.0018334806753751995,
      "cv": 0.19492105166662912,
      "min": 0.9367134713565926,
      "max": 0.9441681796521858
    },
    "r2_test": {
      "mean": 0.8963736811344153,
      "std": 0.005856207425738434,
      "cv": 0.6533221076200104,
      "min": 0.8847727096068684,
      "max": 0.9072518269929596
    },
    "mae_test": {
      "mean": 6.8161401666464485,
      "std": 0.15410586552724623,
      "cv": 2.2608963689059016,
      "min": 6.484975790677,
      "max": 7.227873050963549
    },
    "rmse_test": {
      "mean": 10.851519966755882,
      "std": 0.30979435307650505,
      "cv": 2.8548475607617543,
      "min": 10.208946360388222,
      "max": 11.560219485997026
    }
  },
  "jaccard": {
    "mean": 0.94158215010142,
    "std": 0.05882213050025757
  }
}