{
  "method": "MIC",
  "n_repetitions": 30,
  "threshold": 0.2,
  "n_top_features": 16,
  "seed_split": "sequential (rep index)",
  "seed_model": 42,
  "summary_metrics": {
    "r2_train": {
      "mean": 0.9149948274972957,
      "std": 0.0018431050187861086,
      "cv": 0.20143338119488507,
      "min": 0.9120105782654786,
      "max": 0.9183400254745023
    },
    "r2_test": {
      "mean": 0.8782719541065054,
      "std": 0.0050117132628689,
      "cv": 0.5706334170681198,
      "min": 0.8681079009196088,
      "max": 0.8868408065266447
    },
    "mae_test": {
      "mean": 7.328928918720652,
      "std": 0.14536044227760495,
      "cv": 1.9833790706620644,
      "min": 7.076584938833574,
      "max": 7.705146344207798
    },
    "rmse_test": {
      "mean": 11.763307998903315,
      "std": 0.24981217924339963,
      "cv": 2.1236558565557364,
      "min": 11.288658794383851,
      "max": 12.367952116834902
    }
  },
  "jaccard": {
    "mean": 0.9467207572684248,
    "std": 0.05856166406160795
  }
}