{
  "method": "MI",
  "n_repetitions": 30,
  "threshold": 0.2,
  "n_top_features": 16,
  "seed_split": "sequential (rep index)",
  "seed_model": 42,
  "summary_metrics": {
    "r2_train": {
      "mean": 0.9148026467699331,
      "std": 0.0015424215316162105,
      "cv": 0.16860702546744155,
      "min": 0.9114522493409357,
      "max": 0.9186621546710503
    },
    "r2_test": {
      "mean": 0.8783687376027611,
      "std": 0.005570860576620028,
      "cv": 0.634228011327451,
      "min": 0.8650266105429623,
      "max": 0.8903374208032615
    },
    "mae_test": {
      "mean": 7.330813902627944,
      "std": 0.14577668204669994,
      "cv": 1.9885470287881957,
      "min": 7.002892605151933,
      "max": 7.7094360790447025
    },
    "rmse_test": {
      "mean": 11.75795797456944,
      "std": 0.2712355987304943,
      "cv": 2.3068257202239795,
      "min": 11.28665372002929,
      "max": 12.401974064861871
    }
  },
  "jaccard": {
    "mean": 0.9329877544887688,
    "std": 0.05916078240017789
  }
}